name,main_category,image,ratings,no_of_ratings,actual_price
Force-Ten Elite Boxing Shoes,Mens Sports Shoes,https://m.media-amazon.com/images/W/IMAGERENDERING_521856-T1/images/I/91lbD9IJY6L._AC_UL320_.jpg,4.7,4.0,2050.0
Klepe Unisex-Child St-k-7006 Running Shoe,Mens Sports Shoes,https://m.media-amazon.com/images/I/814gclhe9qL._AC_UL320_.jpg,4.6,5.0,1499.0
"Nike Kids Air Jordan 1 Retro High OG GS Basketball Shoe, Dk Marina Blue/Black-white, 3.5",Mens Sports Shoes,https://m.media-amazon.com/images/I/61RqStxv54L._AC_UL320_.jpg,5.0,5.0,26997.3
Puma Men NRGY Neko Retro Running Shoes,Mens Sports Shoes,https://m.media-amazon.com/images/I/71MCSj7b3vL._AC_UL320_.jpg,4.2,115.0,5999.0
Adidas Men Drogo 2.0 M Running Shoes,Mens Sports Shoes,https://m.media-amazon.com/images/I/81rtonBvsKL._AC_UL320_.jpg,4.0,612.0,2699.0
Puma mens Snatch V2 Sneaker,Mens Sports Shoes,https://m.media-amazon.com/images/I/715m7pidGnL._AC_UL320_.jpg,4.0,1881.0,4299.0
Nike Sb Stefan Janoski Max L Mens Trainers 685299 Sneakers Shoes 002,Mens Sports Shoes,https://m.media-amazon.com/images/I/815JgCAlG3L._AC_UL320_.jpg,4.0,1.0,10395.0
Adidas Mens Terrex Trailmaker Primegreen Hiking Shoe,Mens Sports Shoes,https://m.media-amazon.com/images/I/81Xc9rHOu7L._AC_UL320_.jpg,4.2,19.0,9999.0
Adidas Men's Solar Glide 5 M Leather Running Shoe,Mens Sports Shoes,https://m.media-amazon.com/images/I/71G41JyuMxL._AC_UL320_.jpg,4.1,73.0,13999.0
Reebok Men's Energy Runner LP Nacho/Conavy/None Running Shoes,Mens Sports Shoes,https://m.media-amazon.com/images/I/41dXa2CVvPL._AC_UL320_.jpg,4.0,2819.0,2499.0
Red Tape Men Nordic Walking Shoes,Mens Sports Shoes,https://m.media-amazon.com/images/W/IMAGERENDERING_521856-T2/images/I/71yybw+jZwL._AC_UL320_.jpg,3.3,11.0,5395.0
PREMIER CLEATS FOOTBALL,Mens Sports Shoes,https://m.media-amazon.com/images/I/51xLuN0He+L._AC_UL320_.jpg,3.6,508.0,799.0
"Victall Badminton Shoes Light Weight & Comfortable PU Material Non Marking Sole Best in Badminton Shoes, Volleyball Shoes,...",Mens Sports Shoes,https://m.media-amazon.com/images/I/71ZFITt8s6L._AC_UL320_.jpg,3.7,23.0,849.0
Campus boys Prestige Running Shoe; Sport shoe,Mens Sports Shoes,https://m.media-amazon.com/images/I/71YtyxIGAuL._AC_UL320_.jpg,3.1,9.0,1699.0
NIVIA Yorker Cricket Shoes-White/Orange UK - 9,Mens Sports Shoes,https://m.media-amazon.com/images/I/71mqmrd9oFL._AC_UL320_.jpg,5.0,1.0,1999.0
TYING Men's 9282 White Casual Sports Running Shoes,Mens Sports Shoes,https://m.media-amazon.com/images/W/IMAGERENDERING_521856-T1/images/I/71fbouZrTBL._AC_UL320_.jpg,2.7,6.0,499.0
Nike Boys Viale (Gs) Running Shoes,Mens Sports Shoes,https://m.media-amazon.com/images/I/81wtr29MX9L._AC_UL320_.jpg,4.1,21.0,9890.01
Axpro Men Mark White Football Shoe - 8 UK,Mens Sports Shoes,https://m.media-amazon.com/images/W/IMAGERENDERING_521856-T1/images/I/71BZc9qojXL._AC_UL320_.jpg,4.6,2.0,1800.0
"DSC 1500428 Attitude Cricket Abdominal Guard Mens (Color May Vary)+DSC Zooter Cricket Shoe for Men and Boys, Size-10 UK (W...",Mens Sports Shoes,https://m.media-amazon.com/images/W/IMAGERENDERING_521856-T2/images/I/51FcV4rAHOL._AC_UL320_.jpg,5.0,1.0,1024.0
Sparx Men SM-759 Sports Shoes,Mens Sports Shoes,https://m.media-amazon.com/images/W/IMAGERENDERING_521856-T1/images/I/719Okshc-pL._AC_UL320_.jpg,4.7,4.0,1349.0
WORLD WEAR FOOTWEAR Men's (9311-9098) Multicolor Casual Sports Running Shoes 6 UK (Set of 2 Pair),Mens Sports Shoes,https://m.media-amazon.com/images/I/8121WzgR+BL._AC_UL320_.jpg,1.0,1.0,998.0
SALOMON Mens Supercross 4 Sneaker,Mens Sports Shoes,https://m.media-amazon.com/images/I/61X2j1OOvKL._AC_UL320_.jpg,5.0,1.0,15999.0
Sparx mens Sm 676 First Walker Shoe,Mens Sports Shoes,https://m.media-amazon.com/images/I/71k1tRTKM3L._AC_UL320_.jpg,4.2,59.0,1399.0
Sparx Outdoor Trending & Comfortable Shoe for Men SM-648 Black Golden,Mens Sports Shoes,https://m.media-amazon.com/images/I/61DRaluhI4L._AC_UL320_.jpg,4.0,418.0,1099.0
Adidas Mens Runavtaar M Running Shoe,Mens Sports Shoes,https://m.media-amazon.com/images/I/81VqKKWayhL._AC_UL320_.jpg,4.5,2.0,4599.0
Saucony Mens Kinvara 13 Sneaker,Mens Sports Shoes,https://m.media-amazon.com/images/W/IMAGERENDERING_521856-T1/images/I/61n-GVFjGTL._AC_UL320_.jpg,4.6,92.0,12589.74
Adidas Men's Advantage Base Leather Tennis Shoes,Mens Sports Shoes,https://m.media-amazon.com/images/W/IMAGERENDERING_521856-T2/images/I/61FBgOWKEsL._AC_UL320_.jpg,4.1,2785.0,6599.0
Puma Men's NRGY Neko Engineer Knit Charcoal Gray-Galaxy Blue Running Shoe-11 Kids UK (19109723),Mens Sports Shoes,https://m.media-amazon.com/images/W/IMAGERENDERING_521856-T2/images/I/81-AhoYwzDL._AC_UL320_.jpg,4.5,3.0,6499.0
Sparx Mens Sx0398g Running Shoes,Mens Sports Shoes,https://m.media-amazon.com/images/I/81nAM2E-5+L._AC_UL320_.jpg,4.0,297.0,1099.0
Nike Mens Kd Trey 5 VIII Ep KD Trey 5 VIII EP,Mens Sports Shoes,https://m.media-amazon.com/images/I/71JGDXNOKBL._AC_UL320_.jpg,5.0,3.0,7995.0
Coasters Unisex Synthetic Trekking and Hiking Shoes,Mens Sports Shoes,https://m.media-amazon.com/images/W/IMAGERENDERING_521856-T1/images/I/61uBZhfiecL._AC_UL320_.jpg,3.9,112.0,1499.0
ASICS Mens Jolt 3 Black Running Shoe - 11 UK (1011B034-011),Mens Sports Shoes,https://m.media-amazon.com/images/I/71Ix97Rm8RL._AC_UL320_.jpg,5.0,2.0,4999.0
Red Tape Men's Walking Shoes,Mens Sports Shoes,https://m.media-amazon.com/images/W/IMAGERENDERING_521856-T1/images/I/71mFn8-f-cL._AC_UL320_.jpg,4.2,173.0,5295.0
Bacca Bucci® Men's Flex Running Shoes for Tuff Surface Run with Natural Rubber & Eva Sole and Breathable Upper,Mens Sports Shoes,https://m.media-amazon.com/images/I/7117RE7QTNS._AC_UL320_.jpg,3.8,202.0,2999.0
Nike Mens Legend Essential 2 Running Shoe,Mens Sports Shoes,https://m.media-amazon.com/images/I/81Ay9t8zMjL._AC_UL320_.jpg,4.3,39.0,4495.0
Brooks Mens Hyperion Tempo Running Shoe,Mens Sports Shoes,https://m.media-amazon.com/images/I/81Rr47gJF9L._AC_UL320_.jpg,4.6,641.0,13499.0
Campus Men's Costa PRO Running Shoes,Mens Sports Shoes,https://m.media-amazon.com/images/I/51z-Iy5VbDL._AC_UL320_.jpg,4.1,69.0,1299.0
ASICS boys Gel-court Hunter Badminton Shoes,Mens Sports Shoes,https://m.media-amazon.com/images/I/61eU99DUAvS._AC_UL320_.jpg,4.4,6.0,5399.0
Campus Blunt Men's Running Shoes,Mens Sports Shoes,https://m.media-amazon.com/images/I/71n7rJ0KcpL._AC_UL320_.jpg,4.6,7.0,999.0
New Balance Men's Fresh Foam Contend Golf Shoe,Mens Sports Shoes,https://m.media-amazon.com/images/I/71YBjaC0pgL._AC_UL320_.jpg,4.6,10.0,17989.2
Champs Dragon-ON Men's Light Weight Casual Shoes I Running Shoes I Walking I Gym,Mens Sports Shoes,https://m.media-amazon.com/images/I/61TVmC8CVjL._AC_UL320_.jpg,5.0,2.0,1499.0
Puma Unisex-Adult Eliminate Pro Ii Indoor Shoe,Mens Sports Shoes,https://m.media-amazon.com/images/I/71A90XRQ9IL._AC_UL320_.jpg,4.1,11.0,8999.0
Reebok Mens Callisto Shoes,Mens Sports Shoes,https://m.media-amazon.com/images/I/812f3M7LbHL._AC_UL320_.jpg,4.1,101.0,2999.0
Sega Reach Metal Spikes Cricket Shoes,Mens Sports Shoes,https://m.media-amazon.com/images/I/51rPqsQ7cKL._AC_UL320_.jpg,4.0,128.0,1849.0
Asics Gel Blade Badminton Shoe,Mens Sports Shoes,https://m.media-amazon.com/images/W/IMAGERENDERING_521856-T1/images/I/61XIgvjKPoL._AC_UL320_.jpg,3.6,3.0,7999.0
Reebok Mens Kyrus 1.0 Running Shoe,Mens Sports Shoes,https://m.media-amazon.com/images/I/81qjv9GcluL._AC_UL320_.jpg,4.1,366.0,3999.0
ASICS Mens Gel-Rocket 9 Sneaker,Mens Sports Shoes,https://m.media-amazon.com/images/I/81cpJ64S49L._AC_UL320_.jpg,4.3,686.0,4999.0
ASICS Mens Gel-Resolution 8 Tennis Shoe,Mens Sports Shoes,https://m.media-amazon.com/images/I/510hGyeOdUL._AC_UL320_.jpg,4.8,6.0,11999.0
Pro by Khadim Men Knitting Grey Sports Shoes | Running Shoe,Mens Sports Shoes,https://m.media-amazon.com/images/I/61qrEqW5TnL._AC_UL320_.jpg,5.0,1.0,1599.0
Sparx Mens Sm-610 Running Shoe,Mens Sports Shoes,https://m.media-amazon.com/images/I/71AZ+XqMFXL._AC_UL320_.jpg,4.0,7986.0,1799.0
Sparx mens Sm-661 Running Shoe,Mens Sports Shoes,https://m.media-amazon.com/images/W/IMAGERENDERING_521856-T1/images/I/51enFVKoloL._AC_UL320_.jpg,4.1,18.0,1599.0
Asics Upcourt Badminton Shoe,Mens Sports Shoes,https://m.media-amazon.com/images/W/IMAGERENDERING_521856-T1/images/I/61QbZQA6xJL._AC_UL320_.jpg,3.5,3.0,4499.0
Amazon Brand - Symactive Men's Black/Red Running Shoe-6 UK (SYM-SS-024C),Mens Sports Shoes,https://m.media-amazon.com/images/I/71s85ouJ3GL._AC_UL320_.jpg,2.7,2.0,2699.0
"kardam&sons Trending Casual Lace up Lightweight White Shoes for Running, Walking,(White)",Mens Sports Shoes,https://m.media-amazon.com/images/W/IMAGERENDERING_521856-T2/images/I/31+zV09yu4L._AC_UL320_.jpg,4.5,2.0,999.0
Adidas Mens Axelate M Shoes,Mens Sports Shoes,https://m.media-amazon.com/images/W/IMAGERENDERING_521856-T1/images/I/71DOnZTs5iL._AC_UL320_.jpg,4.2,160.0,4299.0
Nike Men's Air Max 2017 Cool Grey/Anthracite-Dark Grey (849559 008),Mens Sports Shoes,https://m.media-amazon.com/images/I/91J9BVj6XGL._AC_UL320_.jpg,4.4,569.0,32389.56
Bourge Mens Loire-z-171 Running Shoe,Mens Sports Shoes,https://m.media-amazon.com/images/I/81n7TrFH9ZL._AC_UL320_.jpg,3.9,38.0,1999.0
Nike Boys Flex 2018 Rn (Gs) Walking Shoe,Mens Sports Shoes,https://m.media-amazon.com/images/I/81O-jgD81BL._AC_UL320_.jpg,4.5,25.0,5995.0
"ASIAN Men's Everest-01 Sports Trekking & Hiking,Walking Shoes with Rubber Outsole & Memory Foam Insole Lace-Up Shoes for M...",Mens Sports Shoes,https://m.media-amazon.com/images/I/71g9qoOqd8L._AC_UL320_.jpg,4.8,11.0,1999.0
NIVIA - - Step Out & Play 4997BL Other Treffer Football Inter Polyester Cloth Reinforcement Offer Increased Stability and ...,Mens Sports Shoes,https://m.media-amazon.com/images/W/IMAGERENDERING_521856-T2/images/I/41znYwvEbfL._AC_UL320_.jpg,3.8,39.0,1499.0
Amazon Brand - Symactive Men's Walking Shoe,Mens Sports Shoes,https://m.media-amazon.com/images/I/71KBv++WFmL._AC_UL320_.jpg,3.9,142.0,2299.0
Reebok Stride Slip Men's,Mens Sports Shoes,https://m.media-amazon.com/images/I/710KVAuPTRL._AC_UL320_.jpg,4.0,259.0,3599.0
Liberty Men's Revolve Sports Shoes,Mens Sports Shoes,https://m.media-amazon.com/images/I/51n2XLDZnML._AC_UL320_.jpg,5.0,1.0,1999.0
Campus Kid's Tipsy Walking Shoes,Mens Sports Shoes,https://m.media-amazon.com/images/I/61sVXyvWTnL._AC_UL320_.jpg,4.4,2.0,699.0
Nike Mens Waffle Debut Running Shoe,Mens Sports Shoes,https://m.media-amazon.com/images/I/513DPj9RbYL._AC_UL320_.jpg,5.0,1.0,5695.0
Skechers Mens Go Walk Max - Midshore Walking Shoes,Mens Sports Shoes,https://m.media-amazon.com/images/W/IMAGERENDERING_521856-T2/images/I/71F88CMxAlL._AC_UL320_.jpg,4.4,49.0,7499.0
Nike AIR MAX EXCEE,Mens Sports Shoes,https://m.media-amazon.com/images/I/71aUQL1x4nL._AC_UL320_.jpg,3.8,52.0,8195.0
Adidas Mens Distancestar Track and Field Shoe,Mens Sports Shoes,https://m.media-amazon.com/images/I/71UgUyijPfL._AC_UL320_.jpg,4.6,21.0,6999.0
Peelu Kid's Mesh Lace-Ups Walking/Outdoor/Comfortable Sports Shoes,Mens Sports Shoes,https://m.media-amazon.com/images/W/IMAGERENDERING_521856-T1/images/I/61Fe4jCjiFL._AC_UL320_.jpg,4.0,1.0,1299.0
AADI Men's Sports Shoes,Mens Sports Shoes,https://m.media-amazon.com/images/I/51cveGGO0IL._AC_UL320_.jpg,3.1,1582.0,999.0
"Under Armour Men's Charged Assert 9, Mod Gray (101)/White, 9 M US",Mens Sports Shoes,https://m.media-amazon.com/images/I/61ibIIO6pPL._AC_UL320_.jpg,4.6,163.0,11484.65
Li-Ning Attack Pro III Badminton Shoes (White/Navy) UK 11,Mens Sports Shoes,https://m.media-amazon.com/images/I/81hn8uGvF3L._AC_UL320_.jpg,4.0,162.0,3990.0
ASIAN Men's Multicolored Running & Walking Shoes - UK- 8,Mens Sports Shoes,https://m.media-amazon.com/images/I/71c6Vav8D2L._AC_UL320_.jpg,4.0,92.0,1398.0
FAUSTO Men's Sports Walking Jogging Shoes,Mens Sports Shoes,https://m.media-amazon.com/images/I/71ydCqDkSxL._AC_UL320_.jpg,4.0,2.0,899.0
Campus Men's Izak BLK/RED Running Shoes-9 UK (CG-94),Mens Sports Shoes,https://m.media-amazon.com/images/W/IMAGERENDERING_521856-T2/images/I/819-VDrm24L._AC_UL320_.jpg,3.7,5.0,1199.0
Fusefit Boys Volar 2.0 Running Shoes,Mens Sports Shoes,https://m.media-amazon.com/images/I/81nIvWmUZlL._AC_UL320_.jpg,4.1,5.0,3199.0
Sparx Mens Sm-482 Dark Grey Neon Green Running Shoe - 9 UK (SM482NBNOR008),Mens Sports Shoes,https://m.media-amazon.com/images/I/71ALjXYgTDL._AC_UL320_.jpg,4.0,2.0,1349.0
Skechers Mens Go Run Elevate-Cipher Running Shoe,Mens Sports Shoes,https://m.media-amazon.com/images/W/IMAGERENDERING_521856-T1/images/I/51jgyNisXWL._AC_UL320_.jpg,4.2,26.0,7499.0
"Nivia 1179TB Ray 2.0 Tennis Shoes, 4 Turquoise/Black",Mens Sports Shoes,https://m.media-amazon.com/images/I/71x3ba+QGtL._AC_UL320_.jpg,4.1,3.0,2999.0
Yonex Avatar Badminton Shoes,Mens Sports Shoes,https://m.media-amazon.com/images/I/61TbOfCMybL._AC_UL320_.jpg,4.2,11.0,4890.0
"KD Soft Spikes Cleats Spare Spikes for Cricket with Spanner Key, Screw Type Firm Grip Lugs, 10 and 11 Pieces TPU Studs, Un...",Mens Sports Shoes,https://m.media-amazon.com/images/I/71KDuvMkJqL._AC_UL320_.jpg,5.0,1.0,799.0
Puma Unisex-Adult Ace Slip-on Closed Shoe,Mens Sports Shoes,https://m.media-amazon.com/images/I/81G9LgVUmlL._AC_UL320_.jpg,4.2,198.0,4999.0
Bourge Mens Loire-z190 Running Shoes,Mens Sports Shoes,https://m.media-amazon.com/images/I/81LCh2IhAgL._AC_UL320_.jpg,4.0,2858.0,1499.0
Nike Men's RUNALLDAY Anthracite Running Shoes-6 UK (40 EU) (7 US) (898464-007),Mens Sports Shoes,https://m.media-amazon.com/images/W/IMAGERENDERING_521856-T2/images/I/81QvXYmi8bL._AC_UL320_.jpg,1.0,1.0,2982.0
Nivia 833O Synthetic Pro Encounter Football Stud,Mens Sports Shoes,https://m.media-amazon.com/images/W/IMAGERENDERING_521856-T2/images/I/71p+9sdHb0L._AC_UL320_.jpg,4.0,449.0,1215.0
DSC Mens Belter Cricket Shoes Sea Green Cricket Footwear - 4 UK (Belter (SEA Green/White)),Mens Sports Shoes,https://m.media-amazon.com/images/W/IMAGERENDERING_521856-T1/images/I/61KQpmxaBZL._AC_UL320_.jpg,4.6,8.0,1145.0
New Balance Men's 306-Jamie Foy,Mens Sports Shoes,https://m.media-amazon.com/images/I/51uAXx0uCFL._AC_UL320_.jpg,4.6,172.0,14738.73
Wilson unisex-adult Rush Pro 4.0 Black/White/Poppy Red Tennis Shoe - 8 UK (WRS328320+),Mens Sports Shoes,https://m.media-amazon.com/images/I/71ApCvEy4RL._AC_UL320_.jpg,5.0,1.0,16499.0
Piper London Men's Multicolor Canvas Sports Shoes - 6 (Pack Of 2),Mens Sports Shoes,https://m.media-amazon.com/images/I/51QoJtXLk7L._AC_UL320_.jpg,2.5,10.0,657.0
Campus Boys Slido Running Shoe; Sport Shoe,Mens Sports Shoes,https://m.media-amazon.com/images/I/81DJmsbVajL._AC_UL320_.jpg,4.0,2.0,949.0
Density Men's Casual Eva Socks Kintted Shoes (Grey_Model_A03),Mens Sports Shoes,https://m.media-amazon.com/images/I/81UDsEdZL5L._AC_UL320_.jpg,4.0,1.0,999.0
Adidas,Mens Sports Shoes,https://m.media-amazon.com/images/W/IMAGERENDERING_521856-T2/images/I/81WgzfUl+gL._AC_UL320_.jpg,4.0,29.0,17999.0
Nike Vapor Academy FG/MG CU5691-403 Mens Soccer Shoes,Mens Sports Shoes,https://m.media-amazon.com/images/I/714eMpY93TL._AC_UL320_.jpg,4.0,12.0,17989.2
Nike Mens Superfly 9 Club Fg/Mg Running,Mens Sports Shoes,https://m.media-amazon.com/images/W/IMAGERENDERING_521856-T2/images/I/41jPk3uBN8L._AC_UL320_.jpg,4.6,3.0,24477.55
"Aks Australia Running Shoe Olive/Gold Size 5 with Wrist Band Cotton 3"" Red",Mens Sports Shoes,https://m.media-amazon.com/images/I/41EY0bicQAL._AC_UL320_.jpg,5.0,1.0,1648.0
BRUTON Shoes for Trendy Shoes | Casual Shoes | Sports Shoes | Running Shoes | Exclusive Shoes for Men (Numeric_9) Blue,Mens Sports Shoes,https://m.media-amazon.com/images/W/IMAGERENDERING_521856-T1/images/I/71JWqQB7N7L._AC_UL320_.jpg,3.0,51.0,1299.0
FURO Men's Running Shoes (WB10005),Mens Sports Shoes,https://m.media-amazon.com/images/I/61nSIk2FK0L._AC_UL320_.jpg,5.0,1.0,1635.0
adidas Mens 4d Run 10 Running Shoes Mens Fw1230,Mens Sports Shoes,https://m.media-amazon.com/images/I/61hktzcwcaS._AC_UL320_.jpg,5.0,4.0,23307.67
FOOTOX BE YOUR LABEL Shoes for Men | Running Shoes | Gym Shoes | Sport Shoe FMS-22,Mens Sports Shoes,https://m.media-amazon.com/images/I/41TLgYOQr2L._AC_UL320_.jpg,1.0,1.0,999.0
Puma Mens Jamming 2.0 Running Shoe,Mens Sports Shoes,https://m.media-amazon.com/images/I/61ddhO2IwAL._AC_UL320_.jpg,4.3,6.0,12999.0
Red Tape Men Blue Walking Shoes-11,Mens Sports Shoes,https://m.media-amazon.com/images/I/71FNl8-B6rL._AC_UL320_.jpg,5.0,1.0,5999.0
ABROS Men's Alpha Ride ASSG1016 Running Shoes,Mens Sports Shoes,https://m.media-amazon.com/images/I/71ZguNrOU+L._AC_UL320_.jpg,4.0,1.0,1799.0
Skechers Mens Go Run Mojo 2.0 Running Shoes,Mens Sports Shoes,https://m.media-amazon.com/images/I/71L-kUi5vTL._AC_UL320_.jpg,4.1,116.0,5999.0
"OFF LIMITS Men White Hawk II (Memory TECH) White | RED Rubberised EVA Sole,Sports,Running, Walking Shoes",Mens Sports Shoes,https://m.media-amazon.com/images/I/61sxsHcHSwL._AC_UL320_.jpg,4.5,2.0,3999.0
Adidas Mens Grand Court Tennis Shoe,Mens Sports Shoes,https://m.media-amazon.com/images/W/IMAGERENDERING_521856-T1/images/I/71zeRZhrQaL._AC_UL320_.jpg,4.1,8389.0,5599.0
Liberty Force 10 Miller-5_N.Blue Mens Sports Non Lacing Shoes,Mens Sports Shoes,https://m.media-amazon.com/images/I/71i1Bu7c3PL._AC_UL320_.jpg,4.0,2.0,1499.0
Bourge Mens Reef-12 Running Shoes,Mens Sports Shoes,https://m.media-amazon.com/images/I/71OIhyn1jsL._AC_UL320_.jpg,4.2,26.0,1499.0
Sparx Mens Sm-472 Running Shoe,Mens Sports Shoes,https://m.media-amazon.com/images/I/71-KKnA+J6L._AC_UL320_.jpg,4.2,82.0,1649.0
Fusefit Mens Windsor 2.0 Running Shoe,Mens Sports Shoes,https://m.media-amazon.com/images/W/IMAGERENDERING_521856-T1/images/I/81pjkRMhCLL._AC_UL320_.jpg,4.0,7.0,1899.0
FAUSTO Men's Sports & Outdoor Running Shoes,Mens Sports Shoes,https://m.media-amazon.com/images/I/71gkooOO7+L._AC_UL320_.jpg,5.0,3.0,1299.0
ASICS Mens Gel-Resolution 9 Tennis Shoe,Mens Sports Shoes,https://m.media-amazon.com/images/I/61vh+O4PkjL._AC_UL320_.jpg,5.0,2.0,10999.0
"KNOOS Mens Running, Walking, Training, Sports Shoes BP-1111",Mens Sports Shoes,https://m.media-amazon.com/images/W/IMAGERENDERING_521856-T1/images/I/71X1Cknj17S._AC_UL320_.jpg,2.7,3.0,999.0
Nike Mens Flex Contact Running Shoes,Mens Sports Shoes,https://m.media-amazon.com/images/I/81SDbeKLwQL._AC_UL320_.jpg,4.2,152.0,6795.0
"Aks Australia Running Shoe Olive/Gold Size 8 with Wrist Band Cotton 5"" Navy",Mens Sports Shoes,https://m.media-amazon.com/images/I/41EY0bicQAL._AC_UL320_.jpg,1.0,1.0,1698.0
FOOT STAIR Men's Sports Walking PVC Sole Multicolor Combo Brown+ Black G Old Size 8,Mens Sports Shoes,https://m.media-amazon.com/images/I/41uxKtyHYbL._AC_UL320_.jpg,5.0,1.0,999.0
"Nivia Boy's Encounter 7.0 Futsal (Blue, Yellow, 3 UK)",Mens Sports Shoes,https://m.media-amazon.com/images/I/8143Mo3ALSL._AC_UL320_.jpg,4.1,15.0,759.0
Reebok Mens Jk Lastmile Running Shoe,Mens Sports Shoes,https://m.media-amazon.com/images/I/71NImgtEuiL._AC_UL320_.jpg,4.5,4.0,4599.0
Campus Men's Veron Running Shoes,Mens Sports Shoes,https://m.media-amazon.com/images/I/81cYuD893vL._AC_UL320_.jpg,4.0,45.0,1799.0
Reebok Mens Flexagon Energy Tr 4 Walking Shoe,Mens Sports Shoes,https://m.media-amazon.com/images/W/IMAGERENDERING_521856-T2/images/I/71bEQjJozSL._AC_UL320_.jpg,4.1,5.0,4999.0
Campus Kids CS-A10 Black School Shoes,Mens Sports Shoes,https://m.media-amazon.com/images/I/61x5fTRTFdL._AC_UL320_.jpg,4.1,3.0,359.0
Campus Men's Jacob Running Shoes,Mens Sports Shoes,https://m.media-amazon.com/images/I/61kJdSYhhEL._AC_UL320_.jpg,4.1,399.0,1499.0
Nike Mens Joyride Run Fk Running Shoes,Mens Sports Shoes,https://m.media-amazon.com/images/I/71pXyuegngL._AC_UL320_.jpg,4.5,2.0,14995.0
Puma Unisex-Adult 90s Runner Nu Wave Sneaker,Mens Sports Shoes,https://m.media-amazon.com/images/W/IMAGERENDERING_521856-T2/images/I/71qFRdtLCBL._AC_UL320_.jpg,3.9,285.0,4999.0
Campus Toronto Black Running Shoes,Mens Sports Shoes,https://m.media-amazon.com/images/W/IMAGERENDERING_521856-T1/images/I/816-TarymWL._AC_UL320_.jpg,4.0,323.0,1049.0
Liberty R.Blue Sports Lacing Shoes for Kids,Mens Sports Shoes,https://m.media-amazon.com/images/I/61gw82SpYOL._AC_UL320_.jpg,4.0,1.0,1499.0
Adidas Men's Adilette Comfort Slide Sandal,Mens Sports Shoes,https://m.media-amazon.com/images/I/411rFlsyF6L._AC_UL320_.jpg,5.0,1.0,4599.0
Reebok Men's Dart Runner Lp Running Shoes,Mens Sports Shoes,https://m.media-amazon.com/images/W/IMAGERENDERING_521856-T1/images/I/71ZDrTs0w4L._AC_UL320_.jpg,4.1,295.0,3799.0
Power Mens Engage Zero Ii Training Shoes,Mens Sports Shoes,https://m.media-amazon.com/images/I/712xOptUANL._AC_UL320_.jpg,4.0,19.0,3499.0
Hitmax Classic-2.0 Football Shoes for Boys and Men (White),Mens Sports Shoes,https://m.media-amazon.com/images/I/61n3laoU3kL._AC_UL320_.jpg,4.2,5.0,999.0
new balance Mens 860 Running Shoe,Mens Sports Shoes,https://m.media-amazon.com/images/I/81CYRDs863L._AC_UL320_.jpg,4.2,30.0,13138.69
ASICS Mens Trail Scout 2 Running Shoe,Mens Sports Shoes,https://m.media-amazon.com/images/I/71nf+7IdcVL._AC_UL320_.jpg,4.4,29.0,4999.0
Puma Mens X Rcb Challenger Cricket Shoes Cricket Shoe,Mens Sports Shoes,https://m.media-amazon.com/images/I/51VTEJGHlnL._AC_UL320_.jpg,4.1,15.0,3999.0
ASICS Mens Gel-Trabuco Terra Blue Running Shoe - 9.5 UK (1011B029-408),Mens Sports Shoes,https://m.media-amazon.com/images/I/81IEoJCYkjL._AC_UL320_.jpg,5.0,1.0,8999.0
Bacca Bucci Men's MOUNTAIN Splash proof full Grain Leather biker Boots for Trekking Trails Backpacking and Hiking,Mens Sports Shoes,https://m.media-amazon.com/images/I/81KuMunxMuL._AC_UL320_.jpg,3.6,18.0,3499.0
FOOT STAIR Men's Sports Shoes || Outer Material- Fabric || Sole Material- PVC || Pilot Grey RED,Mens Sports Shoes,https://m.media-amazon.com/images/W/IMAGERENDERING_521856-T1/images/I/61LQrs6sSWL._AC_UL320_.jpg,5.0,2.0,499.0
Nike Men Flex 2017 Rn Black/White Running Shoes-7 UK/India(41 EU)(8 US) (898457-001),Mens Sports Shoes,https://m.media-amazon.com/images/I/71qYyQArg4L._AC_UL320_.jpg,4.1,14.0,21596.04
Reebok Boys Xt Sprinter Slip Running Shoe,Mens Sports Shoes,https://m.media-amazon.com/images/I/61XQ1AH48YL._AC_UL320_.jpg,4.2,4.0,4299.0
Puma Men's Ignite XT Mesh Running Shoes,Mens Sports Shoes,https://m.media-amazon.com/images/I/617j6eJzqhL._AC_UL320_.jpg,4.0,247.0,9999.0
Klepe Boys G08 Running Shoes,Mens Sports Shoes,https://m.media-amazon.com/images/I/81GYAVypO0S._AC_UL320_.jpg,4.0,1.0,1699.0
Nivia Oslar 2.0 Football Stud for Mens | TPU Sole with TPU Film Mesh Upper | A Moulded Removable E.VA | Pre-Molded TPU Lig...,Mens Sports Shoes,https://m.media-amazon.com/images/I/71dhcBXb+rL._AC_UL320_.jpg,4.3,48.0,1049.0
Lakhani Touch 05 Running Shoes (White Brown and Black),Mens Sports Shoes,https://m.media-amazon.com/images/W/IMAGERENDERING_521856-T1/images/I/61Rb7QiPfOS._AC_UL320_.jpg,4.1,27.0,1389.0
ABROS Men's Winka ASSG1133 Sports Shoes,Mens Sports Shoes,https://m.media-amazon.com/images/W/IMAGERENDERING_521856-T2/images/I/61tUuEKmJnL._AC_UL320_.jpg,5.0,2.0,1599.0
Columbia Men's Peakfreak X2 Outdry Hiking Shoe,Mens Sports Shoes,https://m.media-amazon.com/images/W/IMAGERENDERING_521856-T2/images/I/818dA5L0f8L._AC_UL320_.jpg,4.4,968.0,10999.0
"Yonex Power Cushion 88 Dial Badminton Shoe, Black-Red",Mens Sports Shoes,https://m.media-amazon.com/images/I/71GjpQIAlJL._AC_UL320_.jpg,4.4,16.0,12790.0
ASICS Men's Gel-Nimbus 23 Running Shoes,Mens Sports Shoes,https://m.media-amazon.com/images/I/61GXupkyemL._AC_UL320_.jpg,4.6,3680.0,13702.03
Skechers Men's Modern Cool Sports Walking Shoes- 8790016,Mens Sports Shoes,https://m.media-amazon.com/images/W/IMAGERENDERING_521856-T2/images/I/81tdb5vQcfL._AC_UL320_.jpg,4.1,102.0,3299.0
Puma Men Willow IDP Sneakers,Mens Sports Shoes,https://m.media-amazon.com/images/I/5110JpemDXL._AC_UL320_.jpg,3.8,775.0,3999.0
"BRUTON Shoes for Trendy, Casual, Sports Running, Exclusive Shoes for Men",Mens Sports Shoes,https://m.media-amazon.com/images/I/71ssbgU-nqL._AC_UL320_.jpg,2.8,36.0,1299.0
Vector X Attacker Men's Football Shoe/Studds RED-White,Mens Sports Shoes,https://m.media-amazon.com/images/W/IMAGERENDERING_521856-T1/images/I/710lz0pCxpL._AC_UL320_.jpg,4.0,1.0,2299.0
Reebok Men's Flexagon Energy 2.0 Mt Track and Field Shoe,Mens Sports Shoes,https://m.media-amazon.com/images/W/IMAGERENDERING_521856-T1/images/I/81GuIc3RCLL._AC_UL320_.jpg,4.2,22.0,4999.0
Enjoy Mesh Shoes for Men | Comfortable & Lightweight Trendy Walking & Running Shoes Lace Up | Sneakers for Men | Gym & Wor...,Mens Sports Shoes,https://m.media-amazon.com/images/I/61TI6RwalWL._AC_UL320_.jpg,4.0,1.0,1499.0
Sparx Men SM-679 White Black Sports Shoes (SX0679G_WHBK_0008),Mens Sports Shoes,https://m.media-amazon.com/images/W/IMAGERENDERING_521856-T2/images/I/71FTbqSMY1L._AC_UL320_.jpg,5.0,1.0,1099.0
Adidas Men Adiray 1.0 M Running Shoes,Mens Sports Shoes,https://m.media-amazon.com/images/I/91bY6ZzwKoL._AC_UL320_.jpg,4.1,107.0,3599.0
"Puma - Mens Twitch Runner Shoes, Size: 10.5 M US, Color: Puma Black/Nitro Blue",Mens Sports Shoes,https://m.media-amazon.com/images/W/IMAGERENDERING_521856-T1/images/I/51z15hEwvNL._AC_UL320_.jpg,5.0,1.0,8090.19
Adidas Unisex Baby Rapidaflex Summer.rdy El I First Walking Shoes,Mens Sports Shoes,https://m.media-amazon.com/images/I/71tlzJiWsSL._AC_UL320_.jpg,4.5,5.0,3599.0
Sparx Men's Sm-705 Running Shoe,Mens Sports Shoes,https://m.media-amazon.com/images/W/IMAGERENDERING_521856-T2/images/I/81E2qeSkMzL._AC_UL320_.jpg,4.0,190.0,1499.0
SEGA Men's Red Mesh Running Shoe - 7,Mens Sports Shoes,https://m.media-amazon.com/images/W/IMAGERENDERING_521856-T2/images/I/719G5laxbyL._AC_UL320_.jpg,4.1,4.0,749.0
RXN Badminton Shoes on Marking Badminton Court Shoes for Mens,Mens Sports Shoes,https://m.media-amazon.com/images/I/616ocEpY2cL._AC_UL320_.jpg,3.0,2.0,1299.0
Puma Mens Disperse Xt Men S Intense Blue-Future Bl Low Boot,Mens Sports Shoes,https://m.media-amazon.com/images/I/81u82aZT87L._AC_UL320_.jpg,4.1,76.0,5499.0
Max Womens Wi21wfsp2050 Sneakers,Mens Sports Shoes,https://m.media-amazon.com/images/W/IMAGERENDERING_521856-T1/images/I/51WXaV2J4EL._AC_UL320_.jpg,4.2,4.0,999.0
Campus Men's BALENO Running Shoes,Mens Sports Shoes,https://m.media-amazon.com/images/I/51miKcocOaL._AC_UL320_.jpg,4.1,137.0,1699.0
BLACKTOWN Ultra Lite Slip On Running Shoes for Men Black White,Mens Sports Shoes,https://m.media-amazon.com/images/W/IMAGERENDERING_521856-T1/images/I/71h4P6tYKPL._AC_UL320_.jpg,3.5,111.0,1299.0
Nivia Men Marathon Running Shoe for Mens | Rubber Outsole with Breathable Mesh Upper with PVC Synthetic Leather | Die Cut ...,Mens Sports Shoes,https://m.media-amazon.com/images/I/81yRn2R++LL._AC_UL320_.jpg,4.0,472.0,1449.0
FURO Mens R1042 174 Sneaker,Mens Sports Shoes,https://m.media-amazon.com/images/I/61aXNG0DqUL._AC_UL320_.jpg,5.0,2.0,2135.0
Red Tape Men Black Walking Shoes,Mens Sports Shoes,https://m.media-amazon.com/images/W/IMAGERENDERING_521856-T1/images/I/716XuBqSQYL._AC_UL320_.jpg,5.0,4.0,6999.0
Campus Men's Enter-2 Running Shoes,Mens Sports Shoes,https://m.media-amazon.com/images/I/51X8VbZ5fiL._AC_UL320_.jpg,4.0,88.0,1049.0
Sparx Mens Sx0609g Walking Shoes,Mens Sports Shoes,https://m.media-amazon.com/images/W/IMAGERENDERING_521856-T2/images/I/614AQE36DXL._AC_UL320_.jpg,4.1,255.0,1049.0
"ADI Men's and Boys Orange Football Studs Shoes Boots, Size 3",Mens Sports Shoes,https://m.media-amazon.com/images/W/IMAGERENDERING_521856-T2/images/I/61YDb1iC6RL._AC_UL320_.jpg,4.3,13.0,1499.0
Vector X CKT-100 Cricket Shoes for Men's (White-Blue-Black) (Size-8),Mens Sports Shoes,https://m.media-amazon.com/images/I/410ktGKfxRS._AC_UL320_.jpg,4.1,32.0,1429.0
Red Tape Mens Rso029a Walking Shoe,Mens Sports Shoes,https://m.media-amazon.com/images/I/6125uMNxzSL._AC_UL320_.jpg,4.2,8.0,7395.0
Leo Men’s Antislip Outdoor Boots for Trekking Hiking & Casual Purpose,Mens Sports Shoes,https://m.media-amazon.com/images/W/IMAGERENDERING_521856-T1/images/I/71OzuHoUZrL._AC_UL320_.jpg,4.1,6.0,1999.0
Puma Unisex Adult Softride Cruise Peacoat White Running Shoes-12 Kids UK (37616702),Mens Sports Shoes,https://m.media-amazon.com/images/I/51wqlvn49HL._AC_UL320_.jpg,5.0,1.0,4999.0
magnar Men Sport Walking Running Shoes {SK-01-BLUE-7},Mens Sports Shoes,https://m.media-amazon.com/images/I/51+TcydMM4L._AC_UL320_.jpg,4.5,2.0,1499.0
"DMARKX PECOZY Stylish Lightweight Comfort Running, Walking, Training Exercise Fashion Sport Shoes for Men (Black) Size 8",Mens Sports Shoes,https://m.media-amazon.com/images/I/71FwPHsBmVL._AC_UL320_.jpg,3.6,3.0,2599.0
Liberty,Mens Sports Shoes,https://m.media-amazon.com/images/I/81QoU19Lm1L._AC_UL320_.jpg,4.0,102.0,1499.0
WORLD WEAR FOOTWEAR Men's (9310-9068) Multicolor Casual Sports Running Shoes 7 UK (Set of 2 Pair),Mens Sports Shoes,https://m.media-amazon.com/images/I/81kWuE-LvRL._AC_UL320_.jpg,2.5,2.0,998.0
ABROS Men's Cristal-O ASSG1209O Sports Shoes/Casual Shoes/Running Shoes,Mens Sports Shoes,https://m.media-amazon.com/images/I/71C4heg8ZaL._AC_UL320_.jpg,4.3,9.0,1649.0
Adidas Mens Adistar Td Running Shoe,Mens Sports Shoes,https://m.media-amazon.com/images/W/IMAGERENDERING_521856-T1/images/I/51qWCh99h5L._AC_UL320_.jpg,4.4,38.0,7999.0
Adidas mens Ub19 Td Running Shoe,Mens Sports Shoes,https://m.media-amazon.com/images/W/IMAGERENDERING_521856-T2/images/I/81c6uxI9WbL._AC_UL320_.jpg,4.2,160.0,6599.0
Red Tape Men's Walking Shoes,Mens Sports Shoes,https://m.media-amazon.com/images/I/61Hq6-tjN1L._AC_UL320_.jpg,4.0,236.0,6599.0
FURO by Redchief Mens R1014 C1336 Running Shoes,Mens Sports Shoes,https://m.media-amazon.com/images/W/IMAGERENDERING_521856-T1/images/I/71OntX8AW7L._AC_UL320_.jpg,3.2,16.0,2540.0
"Reebok Men's Mesh Transition Running Shoes - 9 UK, Black - ASH Grey - Matte Gold",Mens Sports Shoes,https://m.media-amazon.com/images/I/31YYat2RPxL._AC_UL320_.jpg,5.0,2.0,2499.0
Power Men Garner Running Shoes,Mens Sports Shoes,https://m.media-amazon.com/images/I/81OBuSrVT-L._AC_UL320_.jpg,4.1,50.0,1499.0
Campus Men's Narcos Running Shoe,Mens Sports Shoes,https://m.media-amazon.com/images/I/71GE3lBlyEL._AC_UL320_.jpg,4.0,1.0,2499.0
Campus Men's Remo Running Shoe,Mens Sports Shoes,https://m.media-amazon.com/images/W/IMAGERENDERING_521856-T2/images/I/715pREX8kCL._AC_UL320_.jpg,4.1,1695.0,1699.0
Sparx Mens Sx0468g Training Shoes,Mens Sports Shoes,https://m.media-amazon.com/images/I/61lpzkUUjrL._AC_UL320_.jpg,4.3,20.0,1499.0
Birde Men Mesh Sports Shoes for Men Running and Walking Shoes,Mens Sports Shoes,https://m.media-amazon.com/images/W/IMAGERENDERING_521856-T1/images/I/61ofPnHuYXL._AC_UL320_.jpg,2.8,4.0,499.0
Nike Mens Air Zoom Structure 21 Running Shoes (Cool Grey/White-Anthracite-Volt_8.5 UK (9 US)_904695),Mens Sports Shoes,https://m.media-amazon.com/images/I/712oqEdKSaL._AC_UL320_.jpg,3.1,22.0,10995.0
ASICS Men's Black Running Shoes,Mens Sports Shoes,https://m.media-amazon.com/images/I/81BHAkis0IL._AC_UL320_.jpg,4.0,1670.0,3699.0
Sparx Mens Sm-775 Sneaker,Mens Sports Shoes,https://m.media-amazon.com/images/W/IMAGERENDERING_521856-T1/images/I/413m2lhjF9L._AC_UL320_.jpg,4.6,5.0,1499.0
Sparx Trending Men's Footwear for Outdoor/Official/Running/Walking Shoes SM-632 Grey Green UK-9,Mens Sports Shoes,https://m.media-amazon.com/images/W/IMAGERENDERING_521856-T1/images/I/713j5W44xJL._AC_UL320_.jpg,4.1,4.0,1799.0
Adidas Men Lite Racer CLN Running Shoes,Mens Sports Shoes,https://m.media-amazon.com/images/I/81-WVGPWmGL._AC_UL320_.jpg,4.0,1412.0,4599.0
"Unistar Jogging, Walking & Running (Narrow Toe) Shoes; 033",Mens Sports Shoes,https://m.media-amazon.com/images/I/71+sArSVl1L._AC_UL320_.jpg,3.9,256.0,499.0
Liberty Womens Gi-wlm7057 Running Shoes,Mens Sports Shoes,https://m.media-amazon.com/images/I/71Kttzk9m5L._AC_UL320_.jpg,5.0,1.0,3499.0
Adidas 4Dfwd Pulse 2 M Synthetic Lace Up Men's Sport Shoes,Mens Sports Shoes,https://m.media-amazon.com/images/I/515Ij2ysCCL._AC_UL320_.jpg,5.0,1.0,15999.0
Puma Men's Trackracer Idp Closed Shoe,Mens Sports Shoes,https://m.media-amazon.com/images/I/51dWP4HDW-L._AC_UL320_.jpg,4.0,4974.0,3999.0
Aerofax Men Synthetic/Mesh Red Lace up Sport Shoe (Size:-UK-6 to UK-10),Mens Sports Shoes,https://m.media-amazon.com/images/I/71iJpzj0tZL._AC_UL320_.jpg,4.0,1.0,999.0
Ethics mens Sandoz Hiking Shoe,Mens Sports Shoes,https://m.media-amazon.com/images/W/IMAGERENDERING_521856-T1/images/I/41VcNIG+YvL._AC_UL320_.jpg,2.9,322.0,999.0
Puma Mens Ignite Flash Evoknit Red Dahlia-High Risk Red-White Running Shoe - 9 UK (190508),Mens Sports Shoes,https://m.media-amazon.com/images/I/71FGucbWMeL._AC_UL320_.jpg,4.0,20.0,6999.0
ZIGARO GRAVITYZIGAROBADMINTON,Mens Sports Shoes,https://m.media-amazon.com/images/I/61+uDvVGToL._AC_UL320_.jpg,3.3,13.0,1699.0
SEGA Original Men's NavyBlue Marathon Sports Shoes (Numeric_10),Mens Sports Shoes,https://m.media-amazon.com/images/I/719gUGepkyL._AC_UL320_.jpg,3.0,7.0,745.0
Adidas Mens Amaz-Runner M Running Shoe,Mens Sports Shoes,https://m.media-amazon.com/images/I/71ByZr631kL._AC_UL320_.jpg,4.0,18.0,6599.0
Red Tape Men's Black Nordic Walking Shoes,Mens Sports Shoes,https://m.media-amazon.com/images/I/71IYn-MCUZL._AC_UL320_.jpg,4.5,2.0,7295.0
Reebok Mens Lunar Walk Shoes,Mens Sports Shoes,https://m.media-amazon.com/images/W/IMAGERENDERING_521856-T1/images/I/81XiJG7J8fL._AC_UL320_.jpg,4.0,27.0,3599.0
Liberty Men 9906-10 Sports Shoes,Mens Sports Shoes,https://m.media-amazon.com/images/I/71ApeG0JHUL._AC_UL320_.jpg,4.0,148.0,2199.0
Campus Men's Rhodium Running Shoes,Mens Sports Shoes,https://m.media-amazon.com/images/W/IMAGERENDERING_521856-T2/images/I/61i8Q6alvKL._AC_UL320_.jpg,3.9,60.0,1399.0
Puma Unisex-Adult Softride Cruise 2 Running Shoe,Mens Sports Shoes,https://m.media-amazon.com/images/I/61Z7OAWHIoL._AC_UL320_.jpg,4.0,1.0,5499.0
ALICON Men's & Boy's Running Shoe,Mens Sports Shoes,https://m.media-amazon.com/images/W/IMAGERENDERING_521856-T1/images/I/515ghHp2yCL._AC_UL320_.jpg,2.9,44.0,1499.0
SEGA Original Men's Grey Marathon Sports Shoes,Mens Sports Shoes,https://m.media-amazon.com/images/W/IMAGERENDERING_521856-T1/images/I/41yqsbTmQHL._AC_UL320_.jpg,4.2,44.0,749.0
ASICS mens Gel-zaraca 5 B Running Shoe,Mens Sports Shoes,https://m.media-amazon.com/images/I/41cp82BLQ4L._AC_UL320_.jpg,3.5,9.0,4999.0
Nivia Men's Mesh PU Blue and Green Running Shoes - 5 UK,Mens Sports Shoes,https://m.media-amazon.com/images/I/51SVZkPnHQL._AC_UL320_.jpg,3.4,2.0,1229.0
BEONZA Grey Lace Up Knitting Socks Ultra-Lightweight Comfortable Running Sports Shoes for Men,Mens Sports Shoes,https://m.media-amazon.com/images/I/81ySGFCpxKL._AC_UL320_.jpg,3.0,13.0,999.0
Adidas Men's Synthetic CRI Rise V2 Ftwwht/Solred/Vicblu Cricket Shoes - 9 UK,Mens Sports Shoes,https://m.media-amazon.com/images/I/71f72bYTHPL._AC_UL320_.jpg,5.0,2.0,4599.0
Nike Unisex-Adult Metcon 7 Training Shoe,Mens Sports Shoes,https://m.media-amazon.com/images/W/IMAGERENDERING_521856-T1/images/I/71EsHbKgjYL._AC_UL320_.jpg,4.5,22.0,24247.18
Skechers Mens Gowalk Max Walking Shoes,Mens Sports Shoes,https://m.media-amazon.com/images/W/IMAGERENDERING_521856-T1/images/I/81zoN12A06L._AC_UL320_.jpg,4.2,33432.0,3499.0
Fusefit Mens Osaka 2.0 Walking Shoe,Mens Sports Shoes,https://m.media-amazon.com/images/W/IMAGERENDERING_521856-T1/images/I/71b5H-Yta1S._AC_UL320_.jpg,4.0,16.0,1899.0
BAS Vampire Men's Cricket Shoes,Mens Sports Shoes,https://m.media-amazon.com/images/W/IMAGERENDERING_521856-T1/images/I/71UIsqBuD9L._AC_UL320_.jpg,4.2,71.0,1649.0
"ASIAN Kid's Star-02 Sport Running,Walking,Party & School Shoes with Eva Sole Lightweight Casual Shoes for Boy's",Mens Sports Shoes,https://m.media-amazon.com/images/I/61u395vemiL._AC_UL320_.jpg,4.1,25.0,799.0
Nike Boys Jordan Luka 1 (Gs) Casual Shoe,Mens Sports Shoes,https://m.media-amazon.com/images/I/71qYcz9lZgL._AC_UL320_.jpg,3.0,2.0,6295.0
Campus Men's Renegade WHT/L.Sky Running Shoes 7-UK/India,Mens Sports Shoes,https://m.media-amazon.com/images/W/IMAGERENDERING_521856-T1/images/I/61LamoZqEJL._AC_UL320_.jpg,5.0,5.0,2199.0
"Nivia Men's Stripy Football Stud (Orange, 8 UK)",Mens Sports Shoes,https://m.media-amazon.com/images/I/71cEYfXL0+S._AC_UL320_.jpg,3.9,22.0,1599.0
Reebok Mens Stride Walker Walking Shoe,Mens Sports Shoes,https://m.media-amazon.com/images/I/81DcAD3NlFL._AC_UL320_.jpg,4.0,743.0,2299.0
NIVIA Ultra 2.0 Football Shoes (9),Mens Sports Shoes,https://m.media-amazon.com/images/I/814PCHiuk7L._AC_UL320_.jpg,4.0,22.0,1427.0
Sparx mens Sm-482 Running Shoe,Mens Sports Shoes,https://m.media-amazon.com/images/W/IMAGERENDERING_521856-T2/images/I/811etAbt8DL._AC_UL320_.jpg,4.0,8614.0,1349.0
FURO Mens R1014 794 Running Shoe,Mens Sports Shoes,https://m.media-amazon.com/images/I/615HzIFSqpL._AC_UL320_.jpg,4.0,198.0,2540.0
SG Shoe SG Sierra 2.0 WHT/Lime/R.Blue No. 6 Cricket Shoes,Mens Sports Shoes,https://m.media-amazon.com/images/I/51uOq3mywEL._AC_UL320_.jpg,5.0,1.0,3120.75
LANCER Mens THUNDER-20 Grey Running Shoe - 7 UK (THUNDER-20LGR-ORG-7),Mens Sports Shoes,https://m.media-amazon.com/images/W/IMAGERENDERING_521856-T2/images/I/81dc1a7vEPL._AC_UL320_.jpg,1.0,1.0,1399.0
"Wooland Men's Beige, Khaki Sneakers - 8 UK",Mens Sports Shoes,https://m.media-amazon.com/images/I/81UKVfIck-L._AC_UL320_.jpg,4.0,90.0,3895.0
Li-Ning Panther Double Zipper Polyester Badminton Kit Bag,Mens Sports Shoes,https://m.media-amazon.com/images/I/71vMNBKkbgL._AC_UL320_.jpg,4.3,311.0,1890.0
Puma Mens Fusion Running Shoe,Mens Sports Shoes,https://m.media-amazon.com/images/W/IMAGERENDERING_521856-T2/images/I/61hwuTQPIhL._AC_UL320_.jpg,4.8,12.0,4499.0
Puma Mens Velocity Nitro Running Shoe,Mens Sports Shoes,https://m.media-amazon.com/images/I/712d4i9Ha4S._AC_UL320_.jpg,4.2,17.0,10999.0
Hoka One One Men's Tennine Hike Gore-Tex Black / Dark Gull Grey Hiking Shoes-8.5 Kids UK (1113510BDGGR),Mens Sports Shoes,https://m.media-amazon.com/images/I/51s2CbtZYNL._AC_UL320_.jpg,5.0,1.0,26180.0
Puma Mens Ultra Play Tt Football Shoe,Mens Sports Shoes,https://m.media-amazon.com/images/W/IMAGERENDERING_521856-T1/images/I/5159mxzsJrL._AC_UL320_.jpg,4.3,17.0,5999.0
Skechers Mens Go Run Fast - 55105 Sneaker,Mens Sports Shoes,https://m.media-amazon.com/images/I/81i+djO0h7L._AC_UL320_.jpg,4.1,135.0,4999.0
Red Tape Unisex Kids Walking Shoes,Mens Sports Shoes,https://m.media-amazon.com/images/W/IMAGERENDERING_521856-T2/images/I/71xcULsRq4S._AC_UL320_.jpg,4.2,289.0,4599.0
PEAK Men Basketball Shoes,Mens Sports Shoes,https://m.media-amazon.com/images/I/81vLTbOKpyL._AC_UL320_.jpg,4.0,7.0,5999.0
Camfoot Blue Running Shoes (11031),Mens Sports Shoes,https://m.media-amazon.com/images/I/61H+BoR3zzL._AC_UL320_.jpg,2.9,4.0,999.0
Liberty Men ACTIVATOR2 Black Running Shoes,Mens Sports Shoes,https://m.media-amazon.com/images/I/71y-WM36K9L._AC_UL320_.jpg,4.0,302.0,1049.0
Bond Street by (Red Tape) Men Black Walking Shoes,Mens Sports Shoes,https://m.media-amazon.com/images/I/71H64DwPBjL._AC_UL320_.jpg,3.9,202.0,3499.0
B-Tuf,Mens Sports Shoes,https://m.media-amazon.com/images/I/71b0rlhLzqL._AC_UL320_.jpg,3.4,7.0,1799.0
Sparx Mens Sm-717 Sneaker,Mens Sports Shoes,https://m.media-amazon.com/images/W/IMAGERENDERING_521856-T2/images/I/81Pj+-EK0JL._AC_UL320_.jpg,4.0,33.0,1849.0
"Pace International Kabaddi Shoes, Boxing Shoes, Wrestling Shoes for Men (Orange, White)",Mens Sports Shoes,https://m.media-amazon.com/images/I/71jVemf-Y4L._AC_UL320_.jpg,3.8,27.0,999.0
Nike Men's Black White Wolf Grey 001 Running Shoes-10 UK (10.5 US) (AO9819),Mens Sports Shoes,https://m.media-amazon.com/images/W/IMAGERENDERING_521856-T2/images/I/41e5YDfKNoL._AC_UL320_.jpg,4.3,21.0,28779.12
Aqualite Men's Trending Shoes,Mens Sports Shoes,https://m.media-amazon.com/images/I/71qx1Wbm2eL._AC_UL320_.jpg,5.0,1.0,799.0
Puma Unisex-Adult Anzarun Lite Slipon Walking Shoe,Mens Sports Shoes,https://m.media-amazon.com/images/W/IMAGERENDERING_521856-T1/images/I/51g7j3MsJtL._AC_UL320_.jpg,4.4,57.0,3999.0
Campus Boys Alteez Running Shoe; Sport Shoe,Mens Sports Shoes,https://m.media-amazon.com/images/I/816KP9YnfyL._AC_UL320_.jpg,4.6,4.0,899.0
Campus mens 12g-814 Sneaker,Mens Sports Shoes,https://m.media-amazon.com/images/I/61UnECggVYL._AC_UL320_.jpg,5.0,2.0,1499.0
Skechers Mens Go Walk Stability - Sneaker,Mens Sports Shoes,https://m.media-amazon.com/images/I/81xgCzrLIjL._AC_UL320_.jpg,4.3,62.0,6999.0
Adidas Mens Lite Racer CLN 2.0 Running Shoes,Mens Sports Shoes,https://m.media-amazon.com/images/W/IMAGERENDERING_521856-T2/images/I/71oDD6u5loL._AC_UL320_.jpg,4.1,219.0,5599.0
Nike Mens Zoom Pegasus Turbo 2 Running Shoe,Mens Sports Shoes,https://m.media-amazon.com/images/I/71+mzuN9AZL._AC_UL320_.jpg,4.3,56.0,15995.0
